Título,Autores,Año,Enlace,Institución
"[PDF][PDF]Sistema de gestión de la calidad del proceso de extensión universitaria, una experiencia en laUniversidad de La Habana.","O González-Aportela,A Batista-Mainegra… - … Electrónica Calidad en …, 2020 - academia.edu",2020,https://www.academia.edu/download/88603953/4146.pdf,Universidad de La Habana
Bienestar psicológico en estudiantes de laUniversidad de La Habana,"MMC Xenes, LM Debs, AL Ruiz, DF Vega - Wímb lu, 2020 - dialnet.unirioja.es",2020,https://dialnet.unirioja.es/servlet/articulo?codigo=8079838,Universidad de La Habana
[HTML][HTML]Gestión de la calidad del proceso extensionista en laUniversidad de La Habana,"O González Aportela,A Batista Mainegra- Revista Cubana de …, 2017 - scielo.sld.cu",2017,http://scielo.sld.cu/scielo.php?pid=S0257-43142017000100009&script=sci_arttext,Universidad de La Habana
Indicadores de calidad del proceso de extensión universitaria en laUniversidad de La Habana,"O González Aportela,A Batista Mainegra… - Revista San …, 2020 - scielo.senescyt.gob.ec",2020,http://scielo.senescyt.gob.ec/scielo.php?pid=S2528-79072020000400049&script=sci_arttext,Universidad de La Habana
[HTML][HTML]Bienestar psicológico en estudiantes repitentes de la Facultad de Psicología de laUniversidad de La Habana,"V Araujo Herrera, D Savignon Araujo - Revista Cubana de Educación …, 2018 - scielo.sld.cu",2018,http://scielo.sld.cu/scielo.php?pid=S0257-43142018000200014&script=sci_arttext,Universidad de La Habana
[HTML][HTML]Propuesta de requisitos generales para el sistema de gestión documental de laUniversidad de La Habana,"J del Castillo Guevara,MM Mena Mugica… - Revista Cubana de …, 2021 - scielo.sld.cu",2021,http://scielo.sld.cu/scielo.php?pid=S2307-21132021000100005&script=sci_arttext&tlng=pt,Universidad de La Habana
"[HTML][HTML]… la República de Cuba, en el acto por el aniversario 60 de su ingreso a la universidad, efectuado en el Aula Magna de laUniversidad de La Habana, el 17 de …","F Castro Ruz -Universidad de La Habana, 2015 - scielo.sld.cu",2015,http://scielo.sld.cu/scielo.php?pid=S0253-92762015000100013&script=sci_arttext,Universidad de La Habana
La maestría en Administración Pública de laUniversidad de La Habana: su pertinencia e impacto,"R de Armas Urquiza,N Tamayo Pineda- Revista Cubana de …, 2019 - scielo.sld.cu",2019,http://scielo.sld.cu/scielo.php?pid=S0257-43142019000300012&script=sci_arttext,Universidad de La Habana
Programa de Alfabetización Mediática e Informacional para estudiantes de pregrado de la Facultad de Comunicación de laUniversidad de La Habana,"Y Izquiero Cuéllar, Y Del Río López,N Silva Alés- Alcance, 2020 - scielo.sld.cu",2020,http://scielo.sld.cu/scielo.php?pid=S2411-99702020000300200&script=sci_arttext&tlng=en,Universidad de La Habana
[PDF][PDF]Formación de competencias investigativas en Ciencias de la Información desde laUniversidad de La Habana,"SF Hernández,MKC Berrio- … Cubana de Información en Ciencias de la …, 2015 - redalyc.org",2015,https://www.redalyc.org/pdf/3776/377645760004.pdf,Universidad de La Habana
Habilidades directivas. Estrategias de formación turística en laUniversidad de La Habana,"JEA Villa, MG González - Explorador digital, 2018 - cienciadigital.org",2018,https://cienciadigital.org/revistacienciadigital2/index.php/exploradordigital/article/view/326,Universidad de La Habana
[HTML][HTML]Propuesta de acciones para la gestión turística del patrimonio cultural de laUniversidad de La Habana: necesaria y viable,"ÁM Ledesma Ramos - Revista Estudios del Desarrollo Social: Cuba y …, 2019 - scielo.sld.cu",2019,http://scielo.sld.cu/scielo.php?pid=S2308-01322019000200014&script=sci_arttext&tlng=pt,Universidad de La Habana
[HTML][HTML]Diagnóstico de la gestión del conocimiento y la innovación en un centro de investigación en biomateriales de laUniversidad de La Habana,"RM Guerra Bretaña, M Hernández Almaguer… - Revista Universidad y …, 2022 - scielo.sld.cu",2022,http://scielo.sld.cu/scielo.php?pid=S2218-36202022000500150&script=sci_arttext,Universidad de La Habana
La superación de directivos de la Administración Pública en el Centro de Estudios de la Administración Pública de laUniversidad de La Habana,"VRR Acosta, AML Ramos, NT Pineda… - Revista cubana de …, 2020 - apye.esceg.cu",2020,https://apye.esceg.cu/index.php/apye/article/view/119,Universidad de La Habana
Visibilidad y accesibilidad al patrimonio documental de laUniversidad de La Habana: repositorio institucional SCRIPTORIUM,"YM Lahera, G del Toro Iglesia… - Bibliotecas. Anales de …, 2021 - revistas.bnjm.cu",2021,http://revistas.bnjm.cu/index.php/BAI/article/view/158,Universidad de La Habana
La gestión integral de los riesgos en el Centro de Biomateriales de laUniversidad de La Habana,"AMA Soto,RMG Bretaña… - Revista Caribeña de …, 2018 - dialnet.unirioja.es",2018,https://dialnet.unirioja.es/servlet/articulo?codigo=9736729,Universidad de La Habana
[HTML][HTML]Competencias informacionales en el área de la Biología desde los estudios de pregrado en laUniversidad de La Habana,"M Sánchez Díaz - Revista Cubana de Información en Ciencias de la …, 2013 - scielo.sld.cu",2013,http://scielo.sld.cu/scielo.php?pid=S2307-21132013000300004&script=sci_arttext,Universidad de La Habana
[PDF][PDF]Institutional repository of the MedicalUniversity of Havana: A task which is impossible to postpone,"J Gonzalez-Argote… - Revista Habanera de …, 2018 - medigraphic.com",2018,https://www.medigraphic.com/pdfs/revhabciemed/hcm-2018/hcm181p.pdf,Universidad de La Habana
[HTML][HTML]La carrera de Farmacia en laUniversidad de La Habanadurante los cursos 1900-1901 y 1901-1902. El Plan Varona: The Varona's Plan,"P Marchante Castellanos… - Revista Cubana de …, 2010 - scielo.sld.cu",2010,http://scielo.sld.cu/scielo.php?pid=S0034-75152010000300015&script=sci_arttext&tlng=pt,Universidad de La Habana
La Escuela de Farmacia en laUniversidad de La Habanadesde 1902 hasta 1910,"P Marchante Castellanos… - Revista Cubana de …, 2011 - scielo.sld.cu",2011,http://scielo.sld.cu/scielo.php?pid=S0034-75152011000100014&script=sci_arttext,Universidad de La Habana
[HTML][HTML]Carreras masculinizadas en laUniversidad de La Habana: construcciones de género en el estudiantado y profesorado,"T Caram León, M Tejuca Martínez… - Revista Estudios del …, 2020 - scielo.sld.cu",2020,http://scielo.sld.cu/scielo.php?pid=S2308-01322020000100011&script=sci_arttext,Universidad de La Habana
[HTML][HTML]La carrera de Farmacia en laUniversidad de La Habanadurante los cursos 1898-1899 y 1899-1900,"P Marchante Castellanos… - Revista Cubana de …, 2010 - scielo.sld.cu",2010,http://scielo.sld.cu/scielo.php?pid=S0034-75152010000200014&script=sci_arttext&tlng=en,Universidad de La Habana
Implementación de un repositorio digital para el entorno local de la Facultad de Comunicación de laUniversidad de La Habana,"A Medina González- Bibliotecas. Anales de investigación, 2017 - biblat.unam.mx",2017,https://biblat.unam.mx/es/revista/bibliotecas-anales-de-investigacion/articulo/implementacion-de-un-repositorio-digital-para-el-entorno-local-de-la-facultad-de-comunicacion-de-la-universidad-de-la-habana,Universidad de La Habana
"Introducción del enfoque de género en las carreras de laUniversidad de La Habana: el caso de Bioquímica y Biología Molecular, Psicología y Sociología","T Caram-León, M Tejuca-Martínez, N Ávila-Vargas… - Entorno, 2018 - revistas.utec.edu.sv",2018,https://revistas.utec.edu.sv/index.php/entorno/article/view/560,Universidad de La Habana
Curricularización de la extensión universitaria para la promoción de la salud en laUniversidad de La Habana. Un acercamiento a su conceptualización y praxis,"AB Mainegra,OG Aportela… - + E: Revista de Extensión …, 2016 - dialnet.unirioja.es",2016,https://dialnet.unirioja.es/servlet/articulo?codigo=7125147,Universidad de La Habana
La gestión por procesos en Educación a Distancia en laUniversidad de La Habana,"M Carpio Alvarez,I Licea Jiménez… - Alcance, 2023 - scielo.sld.cu",2023,http://scielo.sld.cu/scielo.php?pid=S2411-99702023000100284&script=sci_arttext&tlng=pt,Universidad de La Habana
[HTML][HTML]La voz autoral en la escritura académica de estudiantes de ciencias sociales de laUniversidad de La Habana,"A Jiménez Marata- Revista Estudios del Desarrollo Social: Cuba y …, 2021 - scielo.sld.cu",2021,http://scielo.sld.cu/scielo.php?pid=S2308-01322021000300009&script=sci_arttext,Universidad de La Habana
[HTML][HTML]Formación de competencias investigativas en Ciencias de la Información desde laUniversidad de La Habana,"S Fernández Hernández… - Revista Cubana de …, 2015 - scielo.sld.cu",2015,http://scielo.sld.cu/scielo.php?pid=S2307-21132015000100004&script=sci_arttext,Universidad de La Habana
[PDF][PDF]Clasificación archivística por procesos: una experiencia en laUniversidad de La Habana,"SLG Benkí, ANB Delgado… - Revista general de …, 2016 - revistas.ucm.es",2016,https://revistas.ucm.es/index.php/RGID/article/download/54713/49916/105590,Universidad de La Habana
[HTML][HTML]La cooperación en la formación de licenciados en Lengua Española para no Hispanohablantes en laUniversidad de La Habana,"S Xin,M Carnero Sánchez- Revista Cubana de Educación Superior, 2021 - scielo.sld.cu",2021,http://scielo.sld.cu/scielo.php?pid=S0257-43142021000100006&script=sci_arttext&tlng=pt,Universidad de La Habana
Estudiantes y graduados de farmacia en la RealUniversidad de La Habanaen el período 1880-1898: las primeras farmacéuticas cubanas,"P Marchante Castellanos… - Revista Cubana de …, 2010 - scielo.sld.cu",2010,http://scielo.sld.cu/scielo.php?pid=S0034-75152010000100013&script=sci_arttext&tlng=pt,Universidad de La Habana
[HTML][HTML]Metodología para gestionar riesgos en la autoevaluación de las maestrías del Instituto de Farmacia y Alimentos de laUniversidad de La Habana,"Y Suárez Pérez, OM Nieto Acosta - Revista Cubana de Educación …, 2020 - scielo.sld.cu",2020,http://scielo.sld.cu/scielo.php?pid=S0257-43142020000300019&script=sci_arttext,Universidad de La Habana
… Revista Cubana de Información en Ciencias de la Salud y los trabajos de diploma de la Licenciatura en Ciencias de la Información de laUniversidad de La Habana,"M Frías-Guzmán,MJ Peralta-González… - Revista Cubana de …, 2016 - medigraphic.com",2016,https://www.medigraphic.com/cgi-bin/new/resumen.cgi?IDARTICULO=63649,Universidad de La Habana
[CITAS][C]Estrategia de gestión de recursos educativos abiertos en forma de objetos de aprendizaje en laUniversidad de La Habana,"J Gil-Universidad de La Habana, 2010",2010,#,Universidad de La Habana
[HTML][HTML]Al abrigo del Alma Mater. Patrimonio cultural universitario: valores y experiencias de gestión desde laUniversidad de La Habana,CF Torres - 2016 - dialnet.unirioja.es,2016,https://dialnet.unirioja.es/servlet/tesis?codigo=55696,Universidad de La Habana
Enfoque transdisciplinar en los Estudios Migratorios: experiencias en laUniversidad de La Habana,"AM Pastrana, GM Peniche - Educación y sociedad, 2022 - dialnet.unirioja.es",2022,https://dialnet.unirioja.es/servlet/articulo?codigo=8517777,Universidad de La Habana
[PDF][PDF]Gestión de la investigación en la Facultad de Comunicación de laUniversidad de La Habana: hacia una concepción estratégica,"ML Muro,LM Santana, T del Pino Más, YR Cruz… - Razón y …, 2015 - redalyc.org",2015,https://www.redalyc.org/pdf/1995/199543036004.pdf,Universidad de La Habana
Hacia un marxismo cubano. El Departamento de Filosofía de laUniversidad de La Habanaen sus primeras etapas (1962-1965).,"VG Lage - Naveg@ merica. Revista electrónica editada por la …, 2021 - revistas.um.es",2021,https://revistas.um.es/navegamerica/article/view/492121,Universidad de La Habana
… de los conocimientos matemáticos en el currículum del profesional de la información. Estudio de caso: Facultad de Comunicación de laUniversidad de La Habana,"L Díaz Castillo, N Sokol,I Licea Jiménez- Alcance, 2018 - scielo.sld.cu",2018,http://scielo.sld.cu/scielo.php?pid=S2411-99702018000300054&script=sci_arttext&tlng=en,Universidad de La Habana
[HTML][HTML]Primer acercamiento a la situación de los catálogos en línea de la red de bibliotecas de laUniversidad de La Habana,"A Campos Herrera, Y Chapman Baró… - Revista Cubana de …, 2015 - scielo.sld.cu",2015,http://scielo.sld.cu/scielo.php?pid=S2307-21132015000300008&script=sci_arttext&tlng=en,Universidad de La Habana
[PDF][PDF]Imaginarios de Género en Facebook: Estudio de caso en estudiantes de laUniversidad de La Habana.,"AL Fernández, LEF Rius - Razón y Palabra, 2015 - redalyc.org",2015,https://www.redalyc.org/pdf/1995/199543036019.pdf,Universidad de La Habana
[PDF][PDF]De la obligación institucional a la conciencia ambiental: el reto de la ambientalización en laUniversidad de La Habana.,"GE Quintana,JEG Mateos- Estudios del Desarrollo Social: Cuba y …, 2014 - redalyc.org",2014,https://www.redalyc.org/pdf/5523/552357195009.pdf,Universidad de La Habana
[HTML][HTML]Rendimiento académico en estudiantes de Psicología,"A García Cabezas,AA Vázquez-Universidad de La Habana, 2019 - scielo.sld.cu",2019,http://scielo.sld.cu/scielo.php?pid=S0253-92762019000200128&script=sci_arttext,Universidad de La Habana
[PDF][PDF]… PERVASIVA: una propuesta para mejorar el servicio de Diseminación Selectiva de la Información de la Biblioteca Central de laUniversidad de La Habana.,"E Bisset Alvarez,SA Borsetti Gregorio Vidotti- 2016 - academia.edu",2016,https://www.academia.edu/download/87906572/arquitectura_informacion_bisset_gregorio.pdf,Universidad de La Habana
"[PDF][PDF]Composición de la colección científica de aves del Museo de Historia Natural “Felipe Poey”,Universidad de La Habana","I García-Lau, AG Alfonso - Revista Cubana de Ciencias …, 2016 - researchgate.net",2016,https://www.researchgate.net/profile/Ianela-Garcia-Lau/publication/294725527_Composicion_de_la_coleccion_cientifica_de_aves_del_Museo_de_Historia_Natural_Felipe_Poey_Universidad_de_La_Habana/links/56c3410508ae602342508265/Composicion-de-la-coleccion-cientifica-de-aves-del-Museo-de-Historia-Natural-Felipe-Poey-Universidad-de-La-Habana.pdf,Universidad de La Habana
… jóvenes periodistas? Un acercamiento a las trayectorias profesionales de graduados de la Facultad de Comunicación de laUniversidad de La Habanaentre 2010 y …,"AR García Elizalde, A Somohano Fernández… - Alcance, 2018 - scielo.sld.cu",2018,http://scielo.sld.cu/scielo.php?pid=S2411-99702018000400029&script=sci_abstract,Universidad de La Habana
… medir el impacto del nivel de uso y acceso a algunas TIC en el promedio académico de estudiantes de la Facultad de Economía de laUniversidad de La Habana,"YP Cárdenas - Cuadernos de Educación y Desarrollo, 2012 - ideas.repec.org",2012,https://ideas.repec.org/a/erv/cedced/y2012i306.html,Universidad de La Habana
Gestión del Proyecto BIVIO de la Facultad de Comunicación de laUniversidad de La Habanacon el enfoque de la Metodología de Marco Lógico.,"VM González- Revista Publicando, 2016 - dialnet.unirioja.es",2016,https://dialnet.unirioja.es/servlet/articulo?codigo=5833560,Universidad de La Habana
"… de la investigación, la tecnología y la innovación: Experiencias del proyecto de Acceso Abierto de la Facultad de Comunicación de laUniversidad de La Habana","NS Alés- Revista Publicando, 2020 - revistapublicando.org",2020,https://www.revistapublicando.org/revista/index.php/crv/article/view/2128,Universidad de La Habana
[HTML][HTML]El acompañamiento familiar en los procesos educativos durante la infancia: un acercamiento a través de estudios de casos,"N Avila Vargas, S Giannotti Vázquez -Universidad de La Habana, 2021 - scielo.sld.cu",2021,http://scielo.sld.cu/scielo.php?pid=S0253-92762021000100004&script=sci_arttext,Universidad de La Habana
"la Historia del Centro de Investigaciones Marinas,Universidad de La Habana, 1970-2015. Parte I.","AM Suárez,TG Galano, M Ortiz - Revista de investigaciones …, 2016 - dialnet.unirioja.es",2016,https://dialnet.unirioja.es/servlet/articulo?codigo=9429742,Universidad de La Habana
[HTML][HTML]Del Derecho Administrativo en Cuba: breves trazos evolutivos y pequeña introducción a su definición,"A Matilla Correa-Universidad de La Habana, 2019 - scielo.sld.cu",2019,http://scielo.sld.cu/scielo.php?pid=S0253-92762019000100001&script=sci_arttext,Universidad de La Habana
La ciencia universitaria en el contexto de los cambios en el modelo económico y social: lecciones del pasado y miradas hacia adelante,"J Núñez Jover-Universidad de La Habana, 2013 - biblat.unam.mx",2013,https://biblat.unam.mx/es/revista/universidad-de-la-habana/articulo/la-ciencia-universitaria-en-el-contexto-de-los-cambios-en-el-modelo-economico-y-social-lecciones-del-pasado-y-miradas-hacia-adelante,Universidad de La Habana
Recurso educativo de m-learning para la formación posgraduada en laUniversidad de La Habana,"FJR Azcuy- Cuadernos de Educación y Desarrollo, 2020 - ojs.europubpublications.com",2020,https://ojs.europubpublications.com/ojs/index.php/ced/article/view/798,Universidad de La Habana
[PDF][PDF]Aplicación del Cuadro de Mando Integral en servicios universitarios no académicos de laUniversidad de La Habana,"JJD Menéndez - Estrategia y Gestión Universitaria, 2013 - revistas.unica.cu",2013,https://revistas.unica.cu/index.php/regu/article/download/14/607,Universidad de La Habana
[HTML][HTML]La Constitución cubana de 2019: nuevos contenidos y necesidades,"M Prieto Valdés-Universidad de La Habana, 2020 - scielo.sld.cu",2020,http://scielo.sld.cu/scielo.php?pid=S0253-92762020000100003&script=sci_arttext&tlng=pt,Universidad de La Habana
Municipio y política pública local. Una mirada al contexto cubano desde la Constitución,"L Pérez Hernández,OJ Díaz Legón-Universidad de La Habana, 2020 - scielo.sld.cu",2020,http://scielo.sld.cu/scielo.php?pid=S0253-92762020000100257&script=sci_arttext&tlng=pt,Universidad de La Habana
[HTML][HTML]Un espejo entre la universidad y la sociedad: la extensión universitaria,"A Montero Esteva,LA Montero Cabrera-Universidad de La Habana, 2017 - scielo.sld.cu",2017,http://scielo.sld.cu/scielo.php?pid=S0253-92762017000100008&script=sci_arttext,Universidad de La Habana
El intertexto,"R Medina -Universidad de La Habana, 2017 - scielo.sld.cu",2017,http://scielo.sld.cu/scielo.php?pid=S0253-92762017000200012&script=sci_arttext&tlng=en,Universidad de La Habana
Del antropocentrismo al sensocentrismo: una evolución ética necesaria,"CA Díaz Abad -Universidad de La Habana, 2019 - scielo.sld.cu",2019,http://scielo.sld.cu/scielo.php?pid=S0253-92762019000100363&script=sci_arttext&tlng=en,Universidad de La Habana
[CITAS][C]El servicio de orientación vocacional-profesional (SOVP) de laUniversidad de La Habana: una estrategia educativa para la elección y desarrollo profesional …,"VG Maura - Pedagogía Universitaria, 2013",2013,#,Universidad de La Habana
La política del cuidado en Cuba. Retos y perspectivas para un diseño multiactoral de cuidado con énfasis en los adultos mayores,"A Gross Gutiérrez, AI Peña Farias -Universidad de La Habana, 2018 - scielo.sld.cu",2018,http://scielo.sld.cu/scielo.php?pid=S0253-92762018000200011&script=sci_arttext,Universidad de La Habana
El sexismo en la orientación profesional.: Un estudio de caso con estudiantes universitarios,"S Pardini González -Universidad de La Habana, 2016 - scielo.sld.cu",2016,http://scielo.sld.cu/scielo.php?pid=S0253-92762016000100010&script=sci_arttext,Universidad de La Habana
La teoría del realineamiento y la evolución del sistema político estadounidense,"E Domínguez López-Universidad de La Habana, 2017 - scielo.sld.cu",2017,http://scielo.sld.cu/scielo.php?pid=S0253-92762017000200006&script=sci_arttext&tlng=en,Universidad de La Habana
Indicadores diagnósticos para el estudio del proceso de inclusión-exclusión educativa en la escuela cubana,"P Batista Sardain-Universidad de La Habana, 2019 - scielo.sld.cu",2019,http://scielo.sld.cu/scielo.php?pid=S0253-92762019000200186&script=sci_abstract&tlng=en,Universidad de La Habana
"Política de ciencia, tecnología e innovación en Cuba: trayectoria y evaluación. Science, Technology and Innovation Policy in Cuba: Evolution and Evaluation","J Núñez Jover, LF Montalvo Arriete -Universidad de La Habana, 2013 - biblat.unam.mx",2013,https://biblat.unam.mx/es/revista/universidad-de-la-habana/articulo/politica-de-ciencia-tecnologia-e-innovacion-en-cuba-trayectoria-y-evaluacion-science-technology-and-innovation-policy-in-cuba-evolution-and-evaluation,Universidad de La Habana
[HTML][HTML]Las familias en la Constitución cubana de 2019. Especial referencia al matrimonio ya la unión de hecho,"LB Pérez Gallardo -Universidad de La Habana, 2020 - scielo.sld.cu",2020,http://scielo.sld.cu/scielo.php?pid=S0253-92762020000100107&script=sci_arttext,Universidad de La Habana
[HTML][HTML]La organización del trabajo en Cuba,"E Catá Guilarte -Universidad de La Habana, 2017 - scielo.sld.cu",2017,http://scielo.sld.cu/scielo.php?pid=S0253-92762017000100011&script=sci_arttext&tlng=en,Universidad de La Habana
[CITAS][C]… de integración de procesos sustantivos universitarios: contribución de la extensión universitaria a la promoción de salud en laUniversidad de La Habana,"A Batista- La Habana:Universidad de La Habana, 2016",2016,#,Universidad de La Habana
[HTML][HTML]Constitución de la República de Cuba y transformaciones en el Estado,"Y Pérez Martínez -Universidad de La Habana, 2020 - scielo.sld.cu",2020,http://scielo.sld.cu/scielo.php?pid=S0253-92762020000100234&script=sci_arttext&tlng=en,Universidad de La Habana
"Garantías judiciales y propuestas para la defensa de los derechos constitucionales: Cuba, 2019","AL Prieto Valdés-Universidad de La Habana, 2020 - scielo.sld.cu",2020,http://scielo.sld.cu/scielo.php?pid=S0253-92762020000100223&script=sci_arttext&tlng=en,Universidad de La Habana
[CITAS][C]Red de centros de investigación como base de la actividad científica en una institución de educación superior cubana: la Univesidad Central de Las Villas,"ÁMR González,JLG Cuevas-Universidad de La Habana, 2013 - dialnet.unirioja.es",2013,https://dialnet.unirioja.es/servlet/articulo?codigo=5048463,Universidad de La Habana
[HTML][HTML]Sostenibilidad y emprendimiento. Un análisis profundo de la dimensión social para una gestión sostenible,"E Caro Montero, J Blanco Laguardia -Universidad de La Habana, 2021 - scielo.sld.cu",2021,http://scielo.sld.cu/scielo.php?pid=S0253-92762021000200017&script=sci_arttext&tlng=pt,Universidad de La Habana
"[HTML][HTML]En torno al corpus, la atenuación y los marcadores en la conversación coloquial habanera","YB Martínez Abreu-Universidad de La Habana, 2018 - scielo.sld.cu",2018,http://scielo.sld.cu/scielo.php?pid=S0253-92762018000100005&script=sci_arttext&tlng=pt,Universidad de La Habana
[HTML][HTML]La nueva Constitución económica. Repercusión en el actual ordenamiento jurídico cubano,"M Moreno Cruz -Universidad de La Habana, 2020 - scielo.sld.cu",2020,http://scielo.sld.cu/scielo.php?pid=S0253-92762020000100044&script=sci_arttext,Universidad de La Habana
[HTML][HTML]Por una plena protección judicial y constitucional,"I Pérez Gutiérrez,LA Hierro Sánchez-Universidad de La Habana, 2020 - scielo.sld.cu",2020,http://scielo.sld.cu/scielo.php?pid=S0253-92762020000100187&script=sci_arttext&tlng=pt,Universidad de La Habana
"[CITAS][C]Familia, educación y raza: tres puntos que convergen","NA Vargas -Universidad de La Habana, 2012 - dialnet.unirioja.es",2012,https://dialnet.unirioja.es/servlet/articulo?codigo=4186846,Universidad de La Habana
[HTML][HTML]Los marcadores conversacionales enfocadores de la alteridad en una muestra del español coloquial de La Habana,"G Roche, A de la Caridad -Universidad de La Habana, 2018 - scielo.sld.cu",2018,http://scielo.sld.cu/scielo.php?pid=S0253-92762018000200005&script=sci_arttext&tlng=en,Universidad de La Habana
Grupos sociales y color de la piel en el acceso y continuidad de estudios en las universidades cubanas hoy,"R García Báez, R Sánchez Díaz -Universidad de La Habana, 2018 - scielo.sld.cu",2018,http://scielo.sld.cu/scielo.php?pid=S0253-92762018000100015&script=sci_arttext&tlng=pt,Universidad de La Habana
[HTML][HTML]Propuesta de análisis para la construcción estratégica del discurso: la representación de la identidad,"A Sánchez Castellanos -Universidad de La Habana, 2018 - scielo.sld.cu",2018,http://scielo.sld.cu/scielo.php?pid=S0253-92762018000100009&script=sci_arttext&tlng=pt,Universidad de La Habana
La doble victimización de adolescentes en conflicto con la norma legal,"A Vega López -Universidad de La Habana, 2017 - scielo.sld.cu",2017,http://scielo.sld.cu/scielo.php?pid=S0253-92762017000100009&script=sci_arttext&tlng=pt,Universidad de La Habana
[CITAS][C]Sistema de gestión de la calidad del proceso de extensión universitaria en laUniversidad de La Habana,"O González - Revista Electrónica Calidad en la Educación Superior, 2016",2016,#,Universidad de La Habana
[CITAS][C]… traductores e intérpretes de nivel Superior en Cuba: cuatro décadas de experiencia en la Facultad de Lenguas Extranjeras de laUniversidad de La Habana,"R Espí Valero - FLEX.Universidad de La Habana, 2011",2011,#,Universidad de La Habana
[CITAS][C]El patrimonio cultural de laUniversidad de La Habana,"C Felipe, JA Baujín - (No Title), 2014 - cir.nii.ac.jp",2014,https://cir.nii.ac.jp/crid/1130864315061778049,Universidad de La Habana
[HTML][HTML]Actualización del modelo¿ solo económico? A propósito de las relaciones entre reformas políticas e irreversibilidad del socialismo en Cuba,"E Duharte Díaz-Universidad de La Habana, 2015 - scielo.sld.cu",2015,http://scielo.sld.cu/scielo.php?pid=S0253-92762015000100011&script=sci_arttext,Universidad de La Habana
[HTML][HTML]Este ahora de ahora es un ahora sin precedente,"M Limia David -Universidad de La Habana, 2015 - scielo.sld.cu",2015,http://scielo.sld.cu/scielo.php?pid=S0253-92762015000100010&script=sci_arttext&tlng=es,Universidad de La Habana
De las unidades fraseológicas al conocimiento fraseológico,"M Martí Sánchez -Universidad de La Habana, 2018 - scielo.sld.cu",2018,http://scielo.sld.cu/scielo.php?pid=S0253-92762018000100003&script=sci_arttext,Universidad de La Habana
"José Martí:: conocimiento, educación y ser humano","F Varona Dominguez-Universidad de La Habana, 2016 - scielo.sld.cu",2016,http://scielo.sld.cu/scielo.php?pid=S0253-92762016000100016&script=sci_arttext,Universidad de La Habana
[CITAS][C]La Habana y el proceso de la primera independencia de Hispanoamérica,"A Sorhegui -Universidad de La Habana, 2010 - dialnet.unirioja.es",2010,https://dialnet.unirioja.es/servlet/articulo?codigo=3622122,Universidad de La Habana
"[CITAS][C]Ciencia, innovación tecnológica y sociedad: experiencias del Centro de Biomateriales","RMG Bretaña-Universidad de La Habana, 2010 - dialnet.unirioja.es",2010,https://dialnet.unirioja.es/servlet/articulo?codigo=3622089,Universidad de La Habana
[CITAS][C]Las ciencias sociales cubanas en el torbellino revolucionário: relaciones interraciales y discurso científico-social,"CG Vasallo -Universidad de La Habana, 2012 - dialnet.unirioja.es",2012,https://dialnet.unirioja.es/servlet/articulo?codigo=4186831,Universidad de La Habana
[HTML][HTML]Medios de expresión prosódicos de fenómenos discursivos en los noticieros del Sistema Informativo de la Televisión Cubana: un nuevo patrón de …,"R García Riverón, A Marrero -Universidad de La Habana, 2018 - scielo.sld.cu",2018,http://scielo.sld.cu/scielo.php?pid=S0253-92762018000100006&script=sci_arttext&tlng=en,Universidad de La Habana
[HTML][HTML]El queísmo y el dequeísmo en las Muestras del habla culta de La Habana,"N Ortega Someillán-Universidad de La Habana, 2019 - scielo.sld.cu",2019,http://scielo.sld.cu/scielo.php?pid=S0253-92762019000100247&script=sci_arttext&tlng=en,Universidad de La Habana
"[CITAS][C]Familias ensambladas, parentesco por afinidad y sucesión"" ab intestato"":¿ una ecuación lineal?","LBP Gallardo -Universidad de La Habana, 2011 - dialnet.unirioja.es",2011,https://dialnet.unirioja.es/servlet/articulo?codigo=3981554,Universidad de La Habana
[CITAS][C]La falacia de una gran verdad: Apuntes sobre las problemáticas científicas del análisis del discurso,"AS Castellanos -Universidad de La Habana, 2012 - dialnet.unirioja.es",2012,https://dialnet.unirioja.es/servlet/articulo?codigo=4248408,Universidad de La Habana
[HTML][HTML]La ciencia de la dirección en Cuba. Breve esbozo histórico,"LJ Blanco Encinosa -Universidad de La Habana, 2014 - scielo.sld.cu",2014,http://scielo.sld.cu/scielo.php?pid=S0253-92762014000200004&script=sci_arttext,Universidad de La Habana
[HTML][HTML]Necesitamos muchas ideas bien claras,"D Machado Rodríguez -Universidad de La Habana, 2015 - scielo.sld.cu",2015,http://scielo.sld.cu/scielo.php?pid=S0253-92762015000100009&script=sci_arttext&tlng=pt,Universidad de La Habana
[CITAS][C]Sistema de gestión de la calidad del proceso de extensión universitaria en laUniversidad de La Habana,OG Aportela- 2016 - Editorial Universitaria,2016,#,Universidad de La Habana
[HTML][HTML]Exportaciones cubanas: sus claves económico-jurídicas,"S Barrera Rodríguez,L Sánchez Oramas-Universidad de La Habana, 2021 - scielo.sld.cu",2021,http://scielo.sld.cu/scielo.php?pid=S0253-92762021000200021&script=sci_arttext,Universidad de La Habana
"[HTML][HTML]El modelo de democracia que nos"" propone"" el capitalismo","LR Valdés Díaz-Universidad de La Habana, 2017 - scielo.sld.cu",2017,http://scielo.sld.cu/scielo.php?pid=S0253-92762017000100002&script=sci_arttext,Universidad de La Habana
[CITAS][C]Emoción e Inteligencia. Una convocatoria a la educación,"ZB Dávila -Universidad de La Habana, 2010 - dialnet.unirioja.es",2010,https://dialnet.unirioja.es/servlet/articulo?codigo=3622099,Universidad de La Habana
Estudio sociopragmático de las peticiones en una comunidad guantanamera,"Y Iranzo Pérez, Y Montero Paumier -Universidad de La Habana, 2014 - scielo.sld.cu",2014,http://scielo.sld.cu/scielo.php?pid=S0253-92762014000200005&script=sci_arttext&tlng=pt,Universidad de La Habana
"[HTML][HTML]Estados Unidos, el Black Power y el Tercer Mundo: un análisis de las implicaciones de la visita de Stokely Carmichael a Cuba, en agosto de 1967","VL Carbone -Universidad de La Habana, 2017 - scielo.sld.cu",2017,http://scielo.sld.cu/scielo.php?pid=S0253-92762017000200004&script=sci_arttext&tlng=pt,Universidad de La Habana
[CITAS][C]Sistema de gestión de calidad del proceso extensionista en laUniversidad de La Habana,"O González, M González, N Barrios - 2016 - … . CEPES.Universidad de La Habana…",2016,#,Universidad de La Habana
[HTML][HTML]José Martí y su concepto del equilibrio del mundo,"PP Rodríguez -Universidad de La Habana, 2016 - scielo.sld.cu",2016,http://scielo.sld.cu/scielo.php?pid=S0253-92762016000100015&script=sci_arttext&tlng=pt,Universidad de La Habana
[HTML][HTML]Adaptación al contexto cubano de una prueba para evaluar la comprensión lectora,"K González Hernández,NE Pérez-Universidad de La Habana, 2019 - scielo.sld.cu",2019,http://scielo.sld.cu/scielo.php?pid=S0253-92762019000200214&script=sci_arttext,Universidad de La Habana
"[HTML][HTML]Democracia vs. participación política, más allá del Estado de Derecho","D Rafuls Pineda -Universidad de La Habana, 2017 - scielo.sld.cu",2017,http://scielo.sld.cu/scielo.php?pid=S0253-92762017000100001&script=sci_arttext,Universidad de La Habana
[HTML][HTML]Entramados comunicativos del lenguaje fílmico para una educacióndivertida,"H Delgado Mendoza,Y Vidal García-Universidad de La Habana, 2022 - scielo.sld.cu",2022,http://scielo.sld.cu/scielo.php?pid=S0253-92762022000300007&script=sci_arttext,Universidad de La Habana
[CITAS][C]Programa de formación docente en educación socioafectiva para profesores de laUniversidad de La Habana,"L Curiel- 2019 - … ,Universidad de La Habana",2019,#,Universidad de La Habana
[CITAS][C]Las cofradías religiosas de pardos y morenos en el siglo xix,"OH Lanier -Universidad de La Habana, 2012 - dialnet.unirioja.es",2012,https://dialnet.unirioja.es/servlet/articulo?codigo=4186797,Universidad de La Habana
[HTML][HTML]Bolivia: recursos estratégicos y la nueva guerra política1,"SM Romano, T Lajtman -Universidad de La Habana, 2020 - scielo.sld.cu",2020,http://scielo.sld.cu/scielo.php?pid=S0253-92762020000200221&script=sci_arttext,Universidad de La Habana
[CITAS][C]Desarrollo local y educación superior. Experiencias desde laUniversidad de La Habana,"J Núñez, A Pérez - La Habana, Cuba: Editorial UH, 2018",2018,#,Universidad de La Habana
"[CITAS][C]Relaciones de actores sociales en el ecoturismo como base al desarrollo territorial sostenible en el Parque Nacional Viñales y su área de influencia, Cuba",I Pérez - 2013 -Universidad de La HabanaLa …,2013,#,Universidad de La Habana
[HTML][HTML]Partidos políticos en Venezuela en los siglos XIX y XX,"R Rodríguez Chacín -Universidad de La Habana, 2015 - scielo.sld.cu",2015,http://scielo.sld.cu/scielo.php?pid=S0253-92762015000100007&script=sci_arttext&tlng=en,Universidad de La Habana
[CITAS][C]Pronóstico de viento a muy corto plazo para parques eólicos,"M Hinojosa - 2015 -University of HavanaHabana, Cuba",2015,#,Universidad de La Habana
[CITAS][C]Proyectos profesionales y valores asociados al desempeño de la profesión en estudiantes de laUniversidad de La Habana,"L Domínguez, R Giniebra,M Rodríguez- Juventud y grupo en la educación superior …, 2014",2014,#,Universidad de La Habana
[CITAS][C]Resultados y retos de un estudio sobre valoración del Capital Intelectual en laUniversidad de La Habana,"F Borras, F Ruso, L Campos - Cofin Habana, 2010",2010,#,Universidad de La Habana
[HTML][HTML]Reforma de la educación superior en la Rusia de hoy: búsqueda de nuevos formatos en las condiciones del cambio generacional,"M Abrámova,A Popova-Universidad de La Habana, 2021 - scielo.sld.cu",2021,http://scielo.sld.cu/scielo.php?pid=S0253-92762021000200004&script=sci_arttext,Universidad de La Habana
[CITAS][C]Metodología para el análisis de la fluctuación laboral del personal docente en laUniversidad de La Habana,"Y Puebla - 2019 - … ,Universidad de La Habana, La …",2019,#,Universidad de La Habana
[HTML][HTML]Una mirada al panorama de los emprendimientos privados en Cuba,"A Heredia Sánchez, L Souto Anido -Universidad de La Habana, 2021 - scielo.sld.cu",2021,http://scielo.sld.cu/scielo.php?pid=S0253-92762021000200012&script=sci_arttext&tlng=pt,Universidad de La Habana
Sobre la teoría leninista del imperialismo,"N Kohan -Universidad de La Habana, 2017 - scielo.sld.cu",2017,http://scielo.sld.cu/scielo.php?pid=S0253-92762017000200013&script=sci_arttext,Universidad de La Habana
[CITAS][C]… Superior en el contexto cubano actual: un análisis interseccional de la composición social de una cohorte de estudiantes en laUniversidad de La Habana,"B País Fernández - Interseccionalidad, Equidad y Políticas Sociales, 2018",2018,#,Universidad de La Habana
[CITAS][C]La virtualidad como alternativa de formación profesional en laUniversidad de La Habana,"AG Martínez,AL Leyva… - Congreso …, 2017 - revista.congresouniversidad.cu",2017,https://revista.congresouniversidad.cu/index.php/rcu/article/view/862,Universidad de La Habana
[CITAS][C]Bases teórico-metodológicas para la evaluación del sistema de comunicación en empresas cubanas y Organismos de la Administración Central del Estado …,"M Rivero-Universidad de La Habana, 2010",2010,#,Universidad de La Habana
[CITAS][C]Sensibilización a hongos anemófilos en trabajadores (as) del Archivo y Biblioteca de laUniversidad de La Habana,"M Álvarez, RL Castro, Y Leyva, B López,J Rodríguez… - Arch. Hosp. Univ. General …, 2020",2020,#,Universidad de La Habana
[CITAS][C]… en psicólog@ s. Un programa de Orientación Profesional para estudiantes de nuevo ingreso a la Facultad de Psicología de laUniversidad de La Habana,A Almeyda- 2012 - Tesis de Maestría en Psicología …,2012,#,Universidad de La Habana
[CITAS][C]Habilidades directivas. Estrategias de formación turística en laUniversidad de La Habana,"JE Ascón Villa, M García González - Explorador Digital, 2018",2018,#,Universidad de La Habana
El Atlas Lingüístico de Cuba: un proyecto finalmente concluido,"E García González -Universidad de La Habana, 2018 - scielo.sld.cu",2018,http://scielo.sld.cu/scielo.php?pid=S0253-92762018000200008&script=sci_arttext,Universidad de La Habana
[HTML][HTML]Ernesto Guevara en la Revolución cubana: el Che,"DL López García -Universidad de La Habana, 2017 - scielo.sld.cu",2017,http://scielo.sld.cu/scielo.php?pid=S0253-92762017000200002&script=sci_arttext,Universidad de La Habana
"[CITAS][C]Academia-sector productivo: una vinculación fortificadora de sistemas nacionales de innovación. Lecciones de Cuba, Costa Rica y México","G Dutrénit,J Núñez- … y Costa Rica, 2017 -Universidad de La HabanaLa …",2017,#,Universidad de La Habana
[CITAS][C]Gestión de la transferencia de tecnología en el marco de las universidades. especial referencia a laUniversidad de La Habana,"MM Moreno - Propiedad Industrial y la Transferencia de Tecnología …, 2015",2015,#,Universidad de La Habana
[CITAS][C]Estrategia metodológica de auditoría interna a las relaciones de la administración financiera del Estado con laUniversidad de La Habana,"S Pozo Ceballos- La Habana, 2014",2014,#,Universidad de La Habana
[HTML][HTML]La sociología: ciencia clave para entender el desarrollo de la división sexual del trabajo. Principales discusiones en las teorías clásica y contemporánea,"M Romero Almodóvar-Universidad de La Habana, 2017 - scielo.sld.cu",2017,http://scielo.sld.cu/scielo.php?pid=S0253-92762017000100013&script=sci_arttext&tlng=en,Universidad de La Habana
[CITAS][C]Contribuciones del Museo Antropológico Montané y el Centro de Investigaciones Marinas de laUniversidad de La Habanaal desarrollo local en la …,"A Rangel, V Vázquez, C Arredondo, SP González-Díaz - …Universidad de La Habana, 2018",2018,#,Universidad de La Habana
"[HTML][HTML]La Sociedad civil en Gramsci y Maritain, apuntes sobre una convergencia","GF Hernández Samper -Universidad de La Habana, 2016 - scielo.sld.cu",2016,http://scielo.sld.cu/scielo.php?pid=S0253-92762016000100005&script=sci_arttext&tlng=en,Universidad de La Habana
[CITAS][C]La gastronomía en Cuba: sector estatal vs pymes. La búsqueda de su complementariedad,"MO Torres,YM Ancízar, LSALS Anido,I Díaz-Universidad de La Habana, 2021",2021,#,Universidad de La Habana
[CITAS][C]Hacia una concepción integral del patrimonio universitario: el caso de laUniversidad de La Habana,"C Felipe Torres - Cadernos do Patrimônio da Ciência e Tecnologia …, 2018",2018,#,Universidad de La Habana
[CITAS][C]Caracterización de la esfera motivacional en estudiantes con Discapacidad Visual de laUniversidad de la Habana,"Y Márquez Alonso - 2011 - … ,Universidad de La Habana",2011,#,Universidad de La Habana
[CITAS][C]Diagnóstico del estado de la Gestión Documental en laUniversidad de La Habana,"M Puerta-Universidad de La Habana. Cuba, 2016",2016,#,Universidad de La Habana
[CITAS][C]Programa de alfabetización informacional para los bibliotecarios de la red de bibliotecas de laUniversidad de La Habana,"Y Guerra- Inédito Tesis de maestría,Universidad de La Habana…, 2010",2010,#,Universidad de La Habana
"[CITAS][C]Reflexiones sobre la migración cubana: entrevista con el Dr. Antonio Aja, director del Centro de Estudios Demográficos de laUniversidad de La Habana","G Reed - MEDICC Review Selecciones, 2015",2015,#,Universidad de La Habana
[CITAS][C]Introducción. El hábitat de la Razón Teológica. La Real y Pontificia.Universidad de La Habana,"E Torres - Historia del pensamiento cubano, 2015",2015,#,Universidad de La Habana
[CITAS][C]Las personas que cuidan: una caracterización de bienestar psicológico en cuidadores de pacientes con cáncer,"E Rojas- … : Facultad de Psicología.Universidad de La Habana, 2014",2014,#,Universidad de La Habana
[CITAS][C]La polémica del color: las ciencias sociales en el debate racial,"A Fernández -Universidad de La Habana, 2014",2014,#,Universidad de La Habana
[CITAS][C]Proyectos futuros y Situación Social del Desarrollo de un grupo de jóvenes alcohólicos: un estudio realizado en el Programa de Alcohólicos Anónimos [tesis …,"Y Contreras - … : Facultad de Psicología.Universidad de La Habana, 2013",2013,#,Universidad de La Habana
[CITAS][C]Diagnóstico de las relaciones banca empresa: un análisis desde la perspectiva del Banco de Crédito y Comercio y del Grupo Empresarial de la Industria …,"AB Imperatori -Universidad de La Habana, 2016",2016,#,Universidad de La Habana
[CITAS][C]Propuesta de Bases Teórico-Metodológicas que relacionen la Gestión del Conocimiento y de Comunicación con la Gestión Empresarial en organizaciones …,"G García- … Facultad de Comunicación.Universidad de La Habana, 2015",2015,#,Universidad de La Habana
[CITAS][C]Sistema de condiciones del proceso de enseñanza-aprendizaje que propician el crecimiento personal de los estudiantes en las especialidades técnicas,"LM Pérez - … : Facultad de Psicología.Universidad de La Habana, 2013",2013,#,Universidad de La Habana
[CITAS][C]Identidad de género y proyectos futuros: su relación desde la perspectiva de género en mujeres jóvenes que ejercen la prostitución,"C Cancio-Bello - … : Facultad de Psicología,Universidad de La Habana, 2014",2014,#,Universidad de La Habana
"[CITAS][C]Los cubanos,¿ cuidan su salud","A Alfonso - … , Cuba: Editorial CEDEM.Universidad de La Habana, 2016",2016,#,Universidad de La Habana
[CITAS][C]Aportes del Enfoque Histórico-Cultural a la educación. Experiencias de su aplicación en laUniversidad de La Habana,A Hernández- 2013 - Editorial FEDUN,2013,#,Universidad de La Habana
[CITAS][C]Programa de orientación profesional para la elección profesional responsable,"A Almeyda- … doctoral. La Habana, Cuba:Universidad de La Habana, 2017",2017,#,Universidad de La Habana
[CITAS][C]La evaluación del aprendizaje en la educación de posgrado: etapas e indicadores evaluativos,"G Bernaza, C Douglas,J Castro- Revista Cubana de …, 2013 -Universidad de La Habana",2013,#,Universidad de La Habana
[CITAS][C]Mercado interbancario en Cuba,"D Roselló - … Habana: Tesis de Diploma,Universidad de La Habana, 2013",2013,#,Universidad de La Habana
[CITAS][C]Educación para el Desarrollo Sostenible en la modalidad no formal: bases teórico-prácticas para una estrategia en la actividad constructiva de Cuba,"E Cabalé -Universidad de La Habana, 2016",2016,#,Universidad de La Habana
[CITAS][C]Programa de formación de competencias para la gestión eficaz de la Seguridad y Salud en el Trabajo,"A Medina, A VALDÉS,A ÁVILA- … empresa biotecnológica.Universidad de La Habana, 2017",2017,#,Universidad de La Habana
[CITAS][C]Universidad de La Habana,"JMF González - Cuba, Correo, 2015",2015,#,Universidad de La Habana
[CITAS][C]Proyectos profesionales y motivos de elección de las temáticas abordadas en las obras de un grupo de jóvenes realizadores de audiovisuales [tesis de …,"S Reyes - … : Facultad de Psicología.Universidad de La Habana, 2014",2014,#,Universidad de La Habana
[CITAS][C]… social en el ámbito universitario. Un estudio de caso con estudiantes de segundo año de la Facultad de Economía de laUniversidad de La Habana,"YB Sarduy - 2014 - … -Cuba,Universidad de La Habana…",2014,#,Universidad de La Habana
"[CITAS][C]… la producción científica centrada en el análisis del discurso, durante el período 2005-2014, en la Facultad de Comunicación de laUniversidad de La Habana","Y Vázquez - 2015 - … ,Universidad de la Habana",2015,#,Universidad de La Habana
[CITAS][C]Proyecto de vida y valores en estudiantes de la Licenciatura en Biología de laUniversidad de La Habana,"B Ortet González - 2011 - … ,Universidad de La Habana",2011,#,Universidad de La Habana
"[CITAS][C]… producción, impacto y colaboración científica en el Web de la ciencia [Diploma de Estudios Avanzados].Universidad de La Habana-Universidad de Granada …","R Arencibia- … Avanzados]. La Habana:Universidad de La Habana…, 2010",2010,#,Universidad de La Habana
[CITAS][C]Memorias de tiza y tinta. Proyecto de libro de entrevistas sobre la formación en Periodismo en laUniversidad de La Habanadesde 1965 hasta 1991,L López - 2015 - … .Universidad de La Habana,2015,#,Universidad de La Habana
[CITAS][C]La transferencia del conocimiento en los contratos de administración hotelera en Cuba. Informe interno de laUniversidad de La Habana,G D'Meza Pérez - 2014 - Cuba:Universidad de La Habana,2014,#,Universidad de La Habana
[CITAS][C]… e identidades cómplices. Proceso de aprendizaje para el empoderamiento ciudadano en la Web de un grupo de estudiantes de laUniversidad de la Habana,Y Lezcano - 2012 - … ).Universidad de La Habana…,2012,#,Universidad de La Habana
[CITAS][C]Diseño de un sistema tecnológico integrado y estandarizado para producir queso fresco artesanal con máximo aprovechamiento de componentes de la …,"NR Villegas -Universidad de La Habana, 2017",2017,#,Universidad de La Habana
[CITAS][C]La autorización ambiental en el marco del procedimiento de evaluación de impacto ambiental: introducción a su régimen jurídico en Cuba,"J Pereira Basanta -Universidad de La Habana, 2011",2011,#,Universidad de La Habana
[CITAS][C]Alternativa metodológica para la práctica extensionista club de inglés como experiencia formativa de compromiso social en la Universidad Técnica de …,"K Mendoza-Universidad de La Habana, 2018",2018,#,Universidad de La Habana
[CITAS][C]La propuesta para el desarrollo de la Cepal en el siglo xxi. Alcance explicativo,"ML Bayón-Sosa - 2013 - … ,Universidad de La Habana",2013,#,Universidad de La Habana
[CITAS][C]Escenarios 2020 para la biblioteca universitaria cubana: Red de bibliotecas de laUniversidad de La Habana,"O González- Universidad de Granada, Granada, Espanha, 2014",2014,#,Universidad de La Habana
[CITAS][C]Intervención del DrC. Agustín Lage Dávila en ocasión de otorgársele el título de Doctor Honoris Causa de laUniversidad de La Habana. 2020,"A Lage Dávila - Revista de Información científica para la Dirección en …, 2020",2020,#,Universidad de La Habana
[CITAS][C]Universidad de La Habanay Universidad de Sevilla: dos miradas a la formación docente,"A Hernández Díaz,C Mayor Ruiz- Revista Cubana de Educación Superior, 2013",2013,#,Universidad de La Habana
[CITAS][C]Hacia una concepción integral del patrimonio universitario: el caso de laUniversidad de La Habana,"CF Torres - Cadernos do patrimônio da ciência e tecnologia …, 2017",2017,#,Universidad de La Habana
[CITAS][C]Prácticas comunicativas y valores. Una mirada a la formación de estudiantes de la Facultad de Psicología de laUniversidad de La Habana,"R Giniebra - 2011 - Tesis de Maestría, FCOM-UH. La …",2011,#,Universidad de La Habana
[CITAS][C]Dimensión ambiental la cara oculta de la educación superior en Cuba. El reto de la ambientalización en laUniversidad de La Habana,"G Ezquerra Quintana- Investigación en opción al Grado de Doctor en …, 2014",2014,#,Universidad de La Habana
[CITAS][C]Un modelo de predicción de insolvencia para empresas cubanas,"P Fernández -Universidad de La Habana, 2013",2013,#,Universidad de La Habana
[CITAS][C]Entre la espada y la pared.¿ Cómo se dirige la prensa en Cuba,"A Franco - Undergraduate Thesis, 2016 -Universidad de La Habana",2016,#,Universidad de La Habana
[CITAS][C]… estrategias para su proyección en el contexto del Centro de Estudios para el Perfeccionamiento de la Educación Superior de laUniversidad de La Habana,"Y Cortizas -Universidad de La Habana, La Habana, Cuba, 2013",2013,#,Universidad de La Habana
[CITAS][C]… estrategias para la mejora de habilidades directivas con enfoque de liderazgo en los dirigentes de la Facultad de Turismo de laUniversidad de La Habana,"C Pedraza - 2018 - … doctoral,Universidad de La Habana…",2018,#,Universidad de La Habana
[CITAS][C]Origen y diversificación del género Peltophryne (Amphibia: Anura: Bufonidae) en Cuba,R Alonso - 2011 -Universidad de La HabanaLa …,2011,#,Universidad de La Habana
[CITAS][C]Actuando percibirás. Una propuesta de procedimiento metodológico grupal para la caracterización de la percepción del Medio Ambiente Escolar,"Y Peña -Universidad de La Habana, 2011",2011,#,Universidad de La Habana
[CITAS][C]La orientación profesional pedagógica hacia la Licenciatura en Educación Matemática-Física en el Preuniversitario Doctoral Thesis,"A Rodríguez-Universidad de La Habana, 2016",2016,#,Universidad de La Habana
[CITAS][C]Presupuestos teóricos para el redimensionamiento constitucional de la cooperativa en Cuba [Doctorado en Ciencias Jurídicas],"O Rodríguez Musa-Universidad de La Habana, 2016",2016,#,Universidad de La Habana
[CITAS][C]Propuesta de un modelo para la evaluación de la alfabetización informacional en la Educación Superior en Cuba,"GA Meneses Placeres- … : Universidad de Granada yUniversidad de La Habana, 2010",2010,#,Universidad de La Habana
[CITAS][C]Propuesta de parámetros e indicadores de arquitectura de información para el estudio de sitios web periodísticos (Tesis de pregrado): Facultad de …,"M Acosta -Universidad de La Habana, 2010",2010,#,Universidad de La Habana
[CITAS][C]Identidad y marginación en homosexuales [tesis de Maestría],"A Suástegui Campos - … : Facultad de Psicología.Universidad de La Habana, 2015",2015,#,Universidad de La Habana
[CITAS][C]La Cultura Informacional en las organizaciones: su identificación preliminar en la Facultad de Comunicación de laUniversidad de La Habana,"A Pichs - … de diploma no publicado,Universidad de la Habana…, 2013",2013,#,Universidad de La Habana
[CITAS][C]Estrategia de gestión de recursos educativos abiertos en forma de objetos de aprendizaje en launiversidad de la habana,"JEG Mateos - … Ciencias de la Educación),Universidad de La Habana…, 2010",2010,#,Universidad de La Habana
[CITAS][C]Estrategia para la integración social de las personas transexuales en el contexto cubano [tesis doctoral],"M Castro-Universidad de La Habana, 2015",2015,#,Universidad de La Habana
[CITAS][C]El Consejo de Seguridad y su actuación para el mantenimiento de la paz y la seguridad internacional,"CE Pino -Universidad de La Habana, 2012",2012,#,Universidad de La Habana
[CITAS][C]Contribución a la medición del desarrollo socioeconómico: el caso de la república de Mozambique,J Alfeu - 2010 - … Habana:Universidad de La Habana,2010,#,Universidad de La Habana
[CITAS][C]La travesía del cambio en una organización: Un Programa de entrenamiento sociopsicológico para su gestión [Licenciatura en Psicología],"Y Peña -Universidad de La Habana, 2013",2013,#,Universidad de La Habana
[CITAS][C]Estrategia metodológica para mejorar la comunicación científica de resultados investigativos de profesores universitarios,"Y Cortizas -Universidad de La Habana, 2020",2020,#,Universidad de La Habana
"[CITAS][C]Modelo de identificación, valoración y exposición contable del Capital Intelectual en la universidad cubana",F Ruso - 2014 -Universidad de La HabanaLa …,2014,#,Universidad de La Habana
[CITAS][C]Experiencias en la gestión de la calidad y la innovación en el Centro de Biomateriales de laUniversidad de La Habana,"RM Guerra Bretaña- … de la calidad …, 2021 - Universidad Técnica de Cotopaxi …",2021,#,Universidad de La Habana
"[CITAS][C]Constitución de la República de Cuba y transformaciones en el Estado.Universidad de La Habana,(289), 234-256","Y Pérez Martínez, Y Pérez Martínez - 2020",2020,#,Universidad de La Habana
[CITAS][C]… 9001: 2008 en la gestión de la calidad de los procesos de innovación tecnológica y postgrado en el Centro de Biomateriales de laUniversidad de La Habana,"RM Guerra Bretaña - Memorias 7mo. Congreso Internacional de Educación …, 2010",2010,#,Universidad de La Habana
[CITAS][C]Impacto en laUniversidad de La Habanade las modificaciones al ingreso en el curso 2016-2017,"R Haramboure, I García - XV Taller Internacional “La Educación Superior y sus …, 2018",2018,#,Universidad de La Habana
[CITAS][C]Acciones prácticas de Responsabilidad Social y Medioambiental: dos experiencias desde laUniversidad de La Habana,"C Martín, O Abín, J Barcenas - Primer Seminario Internacional de Economía Social y …, 2015",2015,#,Universidad de La Habana
"[CITAS][C]… Cuba. Inventario preliminar [en línea]. Sl: Botanischer Garten & Botanisches Museum Berlin-Dahlem & Jardín Botánico Nacional,Universidad de La Habana","W GREUTER, R RANKIN - 2016",2016,#,Universidad de La Habana
[CITAS][C]Diagnóstico de la gestión de la innovación y el conocimiento en un centro de investigación en biomateriales de laUniversidad de La Habana,"RM Guerra, M Hernández, MB Valencia - Revista Universidad y Sociedad, 2022",2022,#,Universidad de La Habana
"[CITAS][C]… : Inventario preliminar. Parte II: Inventario. Botanischer Garten & Botanisches Museum Berlin-Dahlem. Jardín Botánico Nacional,Universidad de La Habana","W Greuter,R Rankin- 2016",2016,#,Universidad de La Habana
[CITAS][C]La nueva Facultad de Farmacia de laUniversidad de La Habanaen el curso 1936-1937,"P Marchante Castellanos, F Merchán González… - Rev Cubana Farm, 2016",2016,#,Universidad de La Habana
[CITAS][C]Contribución de las tesis de grado de la Escuela de Pedagogía de laUniversidad de La Habanaal estudio de la Pedagogía Cubana entre los años 1901 y …,EMS Sáez - 2016 - Editorial Universitaria,2016,#,Universidad de La Habana
[CITAS][C]El dilema de escribir ciencia. Un acercamiento al texto académico que se publica en la revistaUniversidad de La Habana,"A López- Perfiles de la cultura cubana, 2018",2018,#,Universidad de La Habana
[CITAS][C]El sector agropecuario y el desarrollo económico: el caso cubano. Centro de Estudios de la Economía Cubana.Universidad de La Habana. http,"A García - scielo. sld. cu/scielo, 2019",2019,#,Universidad de La Habana
[CITAS][C]El vínculo de apego conyugal en parejas que inician la parentalidad [tesis de diploma],"AA López- … : Facultad de Psicología,Universidad de La Habana, 2015",2015,#,Universidad de La Habana
"[CITAS][C]Composición, estructura y uso de sustratos en comunidades de moluscos terrestres del complejo de vegetación de mogote de Escaleras de Jaruco, Cuba",MQ Hernández - 2011 - … Biología.Universidad de La Habana,2011,#,Universidad de La Habana
[CITAS][C]La identificación y protección de los sitios de memoria de la esclavitud en Cuba como patrimonio cultural de la nación,"N Acosta -Universidad de La Habana, 2021",2021,#,Universidad de La Habana
[CITAS][C]La investigación de género: Inicio y desarrollo en Cuba,"N Vasallo - … en La Habana, Cuba:Universidad de La Habana, 2017",2017,#,Universidad de La Habana
[CITAS][C]Viajar sin permiso¿ y qué? Impacto psicosocial de la política migratoria cubana en la vida cotidiana actual,J Barcenas - 2014 - … ).Universidad de La Habana,2014,#,Universidad de La Habana
[CITAS][C]… Superior en el contexto cubano actual: un análisis interseccional de la composición social de una cohorte de estudiantes en laUniversidad de La Habana,"B País -Universidad de La Habana, Cuba, 2019",2019,#,Universidad de La Habana
[CITAS][C]Empoderamiento: caracterización de dos organizaciones hoteleras estatales y no estatales de Turismo de Naturaleza,"Y Blanco -Universidad de La Habana, 2017",2017,#,Universidad de La Habana
[CITAS][C]Alas para el pensamiento y raíces en el corazón. Migración y artes plásticas en Cuba; una aproximación a su estudio durante los siglos XIX y XX (1989),O Bello - 2012 - … Habana:Universidad de La Habana,2012,#,Universidad de La Habana
[CITAS][C]Desigualdad salarial entre hombres y mujeres. Un primer acercamiento a la situación cubana,C Muñiz - 2016 -Universidad de La HabanaCuba,2016,#,Universidad de La Habana
[CITAS][C]Introducción a las teorías y los problemas sobre el desarrollo,"J Bell - … , FLACSO-Programa Cuba,Universidad de La Habana, 2011",2011,#,Universidad de La Habana
[CITAS][C]La política deficiencia e innovación tecnológica en Cuba: un análisis a partir de los años noventa,"L Montalvo - … Habana: Cátedra CTS+ I,Universidad de La Habana, 2012",2012,#,Universidad de La Habana
[CITAS][C]Análisis crítico de la política social para las personas con discapacidad en Cuba,L Valdivia Insausti - 2015 - … Habana:Universidad de La Habana,2015,#,Universidad de La Habana
[CITAS][C]Propuesta de metodología para el diseño de las estructuras organizativas de dirección en organizaciones cubanas,MJ González Sánchez - 2014 -Universidad de La Habana,2014,#,Universidad de La Habana
[CITAS][C]Selección de variedades cubanas de Coffea arabica L. con resistencia incompleta a Hemileia vastatrix Berk y Br,"J Lacerra -Universidad de La Habana, 2010",2010,#,Universidad de La Habana
[CITAS][C]La ciencia de la dirección en Cuba. Breve esbozo histórico,"L Blanco -Universidad de La Habana, 2014",2014,#,Universidad de La Habana
"[CITAS][C]El principio de autonomía municipal. Un estudio teórico, en función del perfeccionamiento del municipio cubano actual","BL Gual Navarrete - 2012 - … Habana,Universidad de La Habana",2012,#,Universidad de La Habana
"[CITAS][C]Pronóstico de la producción de leche, mediante modelos ARIMA. Caso UBPC “Maniabo”",LS Suárez - 2013 -Universidad de La Habana,2013,#,Universidad de La Habana
[CITAS][C]Panorámica de la calidad en Cuba,"RS Vera,RMG Bretaña-Universidad de La Habana, 2023",2023,#,Universidad de La Habana
[CITAS][C]La comunicación: un proceso con múltiples componentes,"H Saladrigas -Universidad de La Habana, 2012",2012,#,Universidad de La Habana
"[CITAS][C]Educación superior, innovación y desarrollo local","J Núñez -Universidad de La Habana, 2016",2016,#,Universidad de La Habana
[CITAS][C]Cementos óseos acrílicos como portadores de fármacos. Propiedades,C AD - 2015 - … Habana:Universidad de La Habana,2015,#,Universidad de La Habana
[CITAS][C]ViBlioSOM: metodología para el análisis y visualización métrica,MV Guzmán - 2010 -Universidad de La HabanaLa …,2010,#,Universidad de La Habana
[CITAS][C]Sistema de Gestión de la Calidad en el Centro Nacional de Cirugía de Mínimo Acceso,R Relova Rovira - 2016 - … Habana:Universidad de La Habana,2016,#,Universidad de La Habana
[CITAS][C]Cementos óseos acrílicos cargados con antibióticos. Efectividad microbiológica,T MT - 2016 - … Habana:Universidad de La Habana,2016,#,Universidad de La Habana
[CITAS][C]El proceso de institucionalización de los estudios sociales del trabajo en Cuba como campo científico en el período 1959-2010,"D Griñan, T Muñoz - … .(Trabajo de diploma).Universidad de La Habana, 2012",2012,#,Universidad de La Habana
[CITAS][C]Estudio de tasas de sedimentación y datación de sedimentos en la bahía se Santander (España).,"J Soto, J Gómez,O Díaz- 2010 -Universidad de La Habana",2010,#,Universidad de La Habana
[CITAS][C]El desempeño de programas e instituciones universitarias en Cuba según las tendencias en la acreditación,"EC Ramos, AR Gutiérrez -Universidad de La Habana, 2022 - revistas.uh.cu",2022,https://revistas.uh.cu/revuh/article/view/325/289,Universidad de La Habana
[CITAS][C]Informe de resultados de la evaluación del servicio de Orientación Psicológica a distancia por WhatsApp. Grupos Psico-Orienta Jóvenes I y II. Psico-Grupos …,"P Batista, N López, J Torralbas, F Gesto, C Caballero… - 2020 -Universidad de La Habana",2020,#,Universidad de La Habana
[CITAS][C]Premisas para el rediseño de la gestión del hotel Victoria bajo los preceptos de la gerencia del servicio,"M Llevat - … : Facultad de Turismo,Universidad de La Habana, 2011",2011,#,Universidad de La Habana
[CITAS][C]Proyectos futuros en jóvenes estudiantes de la Escuela Militar Superior “Comandante Arides Estévez Sánchez”[tesis de Diploma],"AI Tamayo - … : Facultad de Psicología.Universidad de La Habana, 2011",2011,#,Universidad de La Habana
[CITAS][C]La contabilidad y la actividad ambiental de la industria Ronera en Cuba: Caso estudio empresa mixta Havana Club International SA (Tesis de Maestría),"M Albuerne Rizo -Universidad de La Habana, 2017",2017,#,Universidad de La Habana
[CITAS][C]Propuesta de Organización de un Archivo de Gestión para la Secretaría Docente de la Facultad de Comunicación de laUniversidad de La Habana,L Puerto Colina - 2011 - Tesis de Diploma,2011,#,Universidad de La Habana
[CITAS][C]La experiencia de laUniversidad de La Habanaen el uso del PCT en el marco de las estrategias de protección para las invenciones,"D Vázquez De Alvaré - Recuperado de http://www. ocpi. cu, 2018",2018,#,Universidad de La Habana
[CITAS][C]… en el sector agropecuario: condición necesaria para el desarrollo cubano. Centro de Estudios de la Economía Cubana.Universidad de La Habana. http,"A García, B Anaya - revist. uh. cu/article/view, 2023",2023,#,Universidad de La Habana
"[CITAS][C]… materiales compuestos fi brosos magneto electro elásticos con contacto imperfecto. Problema antiplano. Facultad de Matemática,Universidad de La Habana",Y Espinosa - 2010 - Tesis Maestría,2010,#,Universidad de La Habana
"[CITAS][C]… en la gestión integrada de los procesos universitarios. Caso de estudio FTour, Facultad de Turismo,Universidad de La Habana.[Sesión de Congreso]. 10ma …","Y Hernández, Y Sánchez,M Quintana, B González - 10ma Conferencia Científica …, 2021",2021,#,Universidad de La Habana
[CITAS][C]Obtención de un consorcio bacteriano para la remoción de hidrocarburos del petróleo.Universidad de La Habana,Y Barrios - 2011 - Tesis de Maestría,2011,#,Universidad de La Habana
[CITAS][C]… responsable: estudio de jóvenes que acuden al Servicio de Orientación Vocacional de laUniversidad de La Habana. 7mo. Congreso Internacional de …,V González Maura - 2010,2010,#,Universidad de La Habana
"[CITAS][C]¿ Qué es hoy la enseñanza de la lengua y qué debería ser?Universidad de La Habana,(285), 8-24",I Bosque - 2018,2018,#,Universidad de La Habana
[CITAS][C]Metodología para evaluar el impacto del Diplomado de Dirección y Gestión empresarial en los directivos del Grupo empresarial AZCUBA,"M Torrella - Folletos Gerenciales, 2018 -Universidad de La Habana",2018,#,Universidad de La Habana
[CITAS][C]La enseñanza del español en el mundo hispánico. Disponibilidad léxica en escolares de La Habana,A Almeida - 2012 -Universidad de La HabanaLa …,2012,#,Universidad de La Habana
[CITAS][C]Grupo Temporal de Trabajo: Futuro Inmediato,"R Martín, D Abreu, L Torres, A Delgado, M Franco - 2020 -Universidad de La Habana",2020,#,Universidad de La Habana
[CITAS][C]La ruta de las golondrinas. Un acercamiento a las expectativas profesionales de estudiantes de cuarto año de laUniversidad de La Habana,MR Ramos Suárez - 2018 - … .Universidad de La Habana,2018,#,Universidad de La Habana
"[CITAS][C]Universidad de La Habana-Cuba,“","IAN Paula - Educación para el desarrollo sostenible: hacia una …, 2019",2019,#,Universidad de La Habana
[CITAS][C]Requisito para la integración de los Sistemas de Información de la Facultad de Comunicación de laUniversidad de La Habana,"A Medina - 2016 - … Maestría,Universidad de La Habana…",2016,#,Universidad de La Habana
"[CITAS][C]'Reilly, Y. Estrategia de intervención psicológica para víctimas de abuso sexual infantil",O Licourt - 2020 - … Habana:Universidad de La Habana,2020,#,Universidad de La Habana
[CITAS][C]Una propuesta metodológica de grupo de aprendizajes para el desarrollo de los procesos autovalorativos,K Oliva - 2010 -Universidad de La Habana,2010,#,Universidad de La Habana
[CITAS][C]Determinación del índice sintético global de competitividad de las agencias de viajes CUBATUR SA y ECOTUR SA,O Orta - 2022 -Universidad de La Habana,2022,#,Universidad de La Habana
[CITAS][C]… de Recursos para el Aprendizaje y la Investigación como modelo de trabajo para la Red de Bibliotecas de LaUniversidad de La Habana(tesis para optar …,"E Bisset - Facultad de Comunicación,Universidad de La Habana…, 2012",2012,#,Universidad de La Habana
[CITAS][C]Propuesta de requisitos para el sistema de gestión documental en laUniversidad de La Habana: Un enfoque desde el paradigma poscustodial,"J Del Castillo Guevara - 2019 - … .Universidad de La Habana, Cuba",2019,#,Universidad de La Habana
[CITAS][C]… en las Instituciones de Educación Superior cubanas. Análisis comparado de su perfil actual y perspectivas de desarrollo.Universidad de La Habana,"JL Almuiñas Rivero, J Galarza López - Revista Estrategia y Gestión Universitaria, 2020",2020,#,Universidad de La Habana
"[CITAS][C]El debate sobre ciencia y universidad, en Cátedra de Ciencia, Tecnología, Sociedad e Innovación de laUniversidad de La Habana. La ciencia universitaria …",A Lage - 2013 - Editorial Félix Varela La Habana,2013,#,Universidad de La Habana
[CITAS][C]Discurso pronunciado en el Aula Magna de laUniversidad de La Habanacon motivo del Cuarenta Aniversario de la creación de la Red de Centros y del …,JR Saborido Loidi - 2016 - MES,2016,#,Universidad de La Habana
[CITAS][C]… Resultados de un Programa de Investigaciones. Rev. Alternativas Cubanas en Psicología. Vol. VIII. No. 22. Facultad de PsicologíaUniversidad de La Habana,JC Casales - 2020,2020,#,Universidad de La Habana
"[CITAS][C]… para la productividad agropecuaria del municipio Camajuaní [Doctorado en Ciencias Sociológicas,Universidad de La Habana. Facultad de Filosofía e …",A Martínez Massip - 2018,2018,#,Universidad de La Habana
"[CITAS][C]Gobierno electrónico: fases, dimensiones y algunas consideraciones a tener en cuenta para su implementación [Universidad de La Habana]","R Armas, A Armas - 2011",2011,#,Universidad de La Habana
"[CITAS][C]Análisis de la producción científica en laUniversidad de La Habana. Estudio desde la perspectiva de género (Web of Science, 2008-2013)[Internet]","Y Martí Lahera- XV Congreso Internacional de Información Info, 2016",2016,#,Universidad de La Habana
"[CITAS][C]Estrategias empresariales de cooperativas no agropecuarias y desarrollo local en el municipio Centro Habana.Universidad de La Habana, 288, 278-300","F Valdés, O Izquierdo - 2019",2019,#,Universidad de La Habana
[CITAS][C]Construcción social de género en el discurso periodístico.¿ Qué y cómo se investiga en laUniversidad de La Habana,"I GONZÁLEZ - XI Encuentro Iberoamericano de Género y …, 2014",2014,#,Universidad de La Habana
[CITAS][C]… a las preguntas de la Oponencia de la Tesis “Sistema de Gestión de la calidad del proceso de extensión universitaria en laUniversidad de La Habana”,"O González Aportela - Comunicación oral, 2016",2016,#,Universidad de La Habana
[CITAS][C]… de las oportunidades para La ambientalización curricular en La Universidad Católica de Santiago de Guayaquil (Ecuador) y laUniversidad de La Habana…,"GE QUINTANA, JEG MATEOS, SR FAJARDO… - Revista Espacios, 2018",2018,#,Universidad de La Habana
"[CITAS][C]Aportes y retos de la educación de posgrado de laUniversidad de La Habanapara el fortalecimiento de la infraestructura nacional de calidad. Rimarina, 8 (1) …","R Sosa Vera, JR Ramírez García, RM Guerra Bretaña - 2024",2024,#,Universidad de La Habana
[CITAS][C]La familia y el cumplimiento de su función educativa. Un estudio de caso en preuniversitarios de La Habana,L López - 2019 -Universidad de La Habana,2019,#,Universidad de La Habana
"El medio ambiente en los discursos de Fidel Castro: una visión multiescalar, integradora y prospectiva","J Argaillot - RevistaUniversidad de La Habana, 2024 - hal.science",2024,https://hal.science/hal-04723203/,Universidad de La Habana
[CITAS][C]Introducción al estudio de la Ciencia Política,"C Cabrera - … de la Ciencia Política.Universidad de La Habana, 2015",2015,#,Universidad de La Habana
[CITAS][C]Metodología para la determinación de competencias de gestión del profesor principal del año académico en las instituciones de educación superior cubanas,YG Mirás - 2017 - D-Universidad de La Habana,2017,#,Universidad de La Habana
[CITAS][C]Institutional Changes of Cuba's Economic Social Reforms,"C Mesa-Lago - Cuba Economic Change in …, 2014 - … andUniversidad de La Habana",2014,#,Universidad de La Habana
[CITAS][C]Diagnóstico preliminar de la inclusión financiera en Cuba,A Marrero - 2017 -Universidad de La Habana,2017,#,Universidad de La Habana
[CITAS][C]Indicadores bibliométricos para la evaluación de la producción científica de la Universidad Central Marta Abreu de las Villas en WoS y Scopus,MJ Peralta - 2015 -Universidad de La Habana,2015,#,Universidad de La Habana
[CITAS][C]BIBO 1.3 Ontology overview diagram,"J Corson-Rikert -Universidad de La Habana, 2016",2016,#,Universidad de La Habana
[CITAS][C]Latin America in the antipodes. Le Corbusier between airplanes and mulatas,"C Felipe Torres -Universidad de La Habana, 2015",2015,#,Universidad de La Habana
[CITAS][C]Rutgers University-University of Havanaconference in Varadero,"R Jimenez Guethón - Cuba, November, 2018",2018,#,Universidad de La Habana
[CITAS][C]Visibility and accessibility to documentary heritage ofUniversity of Havana: Institutional Repository SCRIPTORIUM. Bibliotecas,"Y Marti-Lahera, G Del Toro-Iglesias… - Anales de Investigación, 2018",2018,#,Universidad de La Habana
"[CITAS][C]Estudio del peligro de deslizamiento del norte de la ciudad de Loja, provincia de Loja. Ecuador.",WS Tambo Encalada- 2011 -Universidad de La Habana/2011,2011,#,Universidad de La Habana
[CITAS][C]Elaboración de tablas modelo de mortalidad propia,"A Farnós - … de población. CEDEM,Universidad de La Habana…, 2016",2016,#,Universidad de La Habana
[CITAS][C]Procedimiento para la selección de los mercados internacionales de los servicios de gestión medioambiental cubanos,"I García Rondón- 2010 - … ,Universidad de La Habana",2010,#,Universidad de La Habana
[CITAS][C]Modelo de Gestión del Proceso de Preparación y Superación de Cuadros en el contexto de las organizaciones en Cuba,JC López- 2010 - … .Universidad de La Habana. Cuba,2010,#,Universidad de La Habana
[CITAS][C]Un sistema de tareas comunicativas para desarrollar la habilidad de expresión oral de la lengua inglesa en primer año Estomatología de la Universidad …,O Trujillo Chong - 2010 - … Habana:Universidad de La Habana,2010,#,Universidad de La Habana
"[CITAS][C]Manejo Integrado de Zonas Costeras en Cuba: estado actual, retos y desafíos","P González-Díaz- 2015 - … Ortiz,Universidad de La Habana",2015,#,Universidad de La Habana
[CITAS][C]Abundancia y dieta de Pterois volitans/miles (Teleostei: Scorpaenidae) en varias localidades de Cuba,E Cabrera - 2011 - … marinas.Universidad de La Habana,2011,#,Universidad de La Habana
[CITAS][C]Aproximación a la caracterización sociopsicológica de familias portadoras de bajo capital cultural y económico,"V Domínguez - … ). Facultad de Psicología.Universidad de La Habana, 2010",2010,#,Universidad de La Habana
[CITAS][C]Fomento de la base nacional forrajera: premisa fundamental para la recuperación de la ganadería vacuna,"M Mirabal-Plasencia - 2010 - … ,Universidad de La Habana. Cuba",2010,#,Universidad de La Habana
[CITAS][C]Análisis instrumental de alimentos,"H Zumbado- … de Farmacia y Alimentos,Universidad de La Habana, 2011",2011,#,Universidad de La Habana
[CITAS][C]Dirección de organizaciones. Procesos y técnicas,"A Codina- … de Técnicas de Dirección,Universidad de La Habana…, 2013",2013,#,Universidad de La Habana
"[CITAS][C]Proyectos futuros en estudiantes de la Licenciatura en Informática de la filial universitaria"" René Ramos Latour"", durante el curso 2010-2011","Y Balseiro Alvarez - … de Psicología de laUniversidad de La Habana, 2011",2011,#,Universidad de La Habana
[CITAS][C]Diferentes enfoques conceptuales sobre la administración pública,"A Iglesias- … de Técnicas de Dirección,Universidad de La Habana, 2011",2011,#,Universidad de La Habana
[CITAS][C]Evolución híbrida de s-cajas no lineales resistentes a ataques de potencia,"A Freyre-Echevarría - 2020 - … Sciences,University of Havana…",2020,#,Universidad de La Habana
[CITAS][C]Diagnóstico de las relaciones crediticias de la banca comercial con los TCP,"J Guillén - … en Economía) La Habana:Universidad de La Habana, 2017",2017,#,Universidad de La Habana
[CITAS][C]Desvinculación juvenil: un diagnóstico comunitario en Buena Vista,"A Beltrán,R Serrano- 2010 - … .Universidad de La Habana",2010,#,Universidad de La Habana
[CITAS][C]Dinámica del uso agrícola y la tenencia de la tierra en Cuba a partir de la década de los años noventa del siglo XX,"E Marmol - … . Facultad de Geografía.Universidad de La Habana, 2011",2011,#,Universidad de La Habana
"[CITAS][C]Eficacia biológica de una muestra de población residente en el municipio Plaza de la Revolución, Ciudad de la Habana","V Vázquez - 2010 - … Biología,Universidad de La Habana…",2010,#,Universidad de La Habana
[CITAS][C]Modelo para la evaluación de la eficiencia académica en las universidades del Ministerio de Educación Superior,"D Hernández- 2019 - … Superior,Universidad de La Habana…",2019,#,Universidad de La Habana
[CITAS][C]Modelo y metodología AOpara el mejor desempeño de una organización deficiencia e innovación (tesis de doctorado inédita),"Y Stable Rodríguez - … y Ciencias Aplicadas,Universidad de La Habana, 2012",2012,#,Universidad de La Habana
[CITAS][C]Perfeccionamiento del trabajo por cuenta propia (Informe inédito),"I Díaz Fernández - … e innovación de laUniversidad de La Habana, 2021",2021,#,Universidad de La Habana
[CITAS][C]Proyectos profesionales y valores declarados asociados al desempeño profesional en estudiantes de la Licenciatura en Artes Visuales del Instituto Superior …,"C Alfonso - 2013 - … .Universidad de La Habana, Cuba",2013,#,Universidad de La Habana
[CITAS][C]La práctica terapéutica desde una perspectiva Histórico-Cultural del desarrollo psicológico,O Roche - 2012 - … .Universidad de La Habana,2012,#,Universidad de La Habana
"[CITAS][C]Transformaciones Económicas y Cambios Institucionales en Cuba, 2014","A Romero - … la Economía Internacional.Universidad de La Habana, 2015",2015,#,Universidad de La Habana
[CITAS][C]Superación de la pobreza en clave comunitaria. Aproximación a la contribución del TTIB de Cayo Hueso,"P Obama - … de Sociología.Universidad de La Habana, 2011",2011,#,Universidad de La Habana
[CITAS][C]Perspectiva sociocultural de las marcas de los productos turísticos para el mercado chino,"L Xiaozeng - 2011 - … Turismo,Universidad de La Habana",2011,#,Universidad de La Habana
[CITAS][C]Premisas para el diseño y desarrollo de productos de interés turístico para el mercado emisor chino,"H Jin - 2011 - … Turismo,Universidad de La Habana",2011,#,Universidad de La Habana
[CITAS][C]Evaluación ambiental del tramo costero Mégano-Guanabo de Playas del Este,R Valdés - 2019 - … .Universidad de La Habana,2019,#,Universidad de La Habana
[CITAS][C]Informalidad laboral y condiciones de pobreza: realidades del municipio Regla en el contexto actual,"G Betancourt - 2018 - … Historia,Universidad de La Habana",2018,#,Universidad de La Habana
[CITAS][C]Del interés a la implicación. Taller de comunicación audiovisual con un grupo de adolescentes de la EFI José Martí,"R Romero - 2010 - … .Universidad de La Habana, Cuba",2010,#,Universidad de La Habana
[CITAS][C]Reformas y equidad social en Cuba: apuntes sobre la política social y el cuadro socioestructural de la actualización,"E León, ME Prieto - … de la Economía Cubana,Universidad de La Habana, 2018",2018,#,Universidad de La Habana
[CITAS][C]La transformación del entorno monetario y cambiario en Cuba,"R Torres - … de la Economía Cubana,Universidad de La Habana, 2020",2020,#,Universidad de La Habana
[CITAS][C]Identidades sociales de un grupo de altos ingresos económicos,C Álvarez - 2021 - … .Universidad de La Habana,2021,#,Universidad de La Habana
[CITAS][C]Analisis de peligro de deslizamientos,"FA Gonzales - … provincia de Loja-Ecuador.Universidad de La Habana, 2011",2011,#,Universidad de La Habana
[CITAS][C]La reproducción y superación de la pobreza. Su relación con las dinámicas familiares,"D Martínez - … de Sociología.Universidad de La Habana, 2011",2011,#,Universidad de La Habana
[CITAS][C]Estrategia Participativa de Comunicación Ambiental para el Manejo Sostenible de Tierras,W Pedroso - 2015 - … .Universidad de La Habana,2015,#,Universidad de La Habana
[CITAS][C]Percepción social del poder en cuentapropistas,L Del Llano Lemus - 2012 - … .Universidad de La Habana,2012,#,Universidad de La Habana
[CITAS][C]Aproximación a la concepción filosófica sobre la cultura del Dr. Armando E. Hart Dávalos (1976-1997),MI LANDABURO - 2016 - … Habana:Universidad de La Habana,2016,#,Universidad de La Habana
[CITAS][C]Desigualdad salarial entre hombres y mujeres,"C Muñiz - … a la situación cubana.Universidad de La Habana, 2016",2016,#,Universidad de La Habana
[CITAS][C]Identidad de un grupo de adolescentes en situación de exclusión social,"S Cuello - … ). Facultad de Psicología.Universidad de La Habana…, 2016",2016,#,Universidad de La Habana
[CITAS][C]La emigración. Una aproximación desde las representaciones sociales,Y Blanco - 2011 - … .Universidad de La Habana,2011,#,Universidad de La Habana
"[CITAS][C]Inventario de los recursos tangibles e intangibles de San Juan de Sagua, La Palma, Pinar el Río","L Montesino - … . Facultad de Geografía.Universidad de La Habana, 2019",2019,#,Universidad de La Habana
[CITAS][C]Diseño de producto turístico del área protegida caverna Santa Catalina,"IL Domínguez - … . Facultad de Turismo.Universidad de La Habana…, 2012",2012,#,Universidad de La Habana
[CITAS][C]Evaluación de indicadores de sostenibilidad turística para el Centro Histórico de La Habana en el período 2010–2014,"CD Delis - 2015 - Dissertation,University of Havana",2015,#,Universidad de La Habana
[PDF][PDF]Facultad de Economía,"YD Reyes -Universidad de La Habana, Cuba, 2021 - repositorio.puce.edu.ec",2021,https://repositorio.puce.edu.ec/server/api/core/bitstreams/18b3508c-5131-4ce9-bbee-6a9bd2082f68/content,Universidad de La Habana
[CITAS][C]Programa de formación de competencias para la gestión eficaz de la seguridad y salud en el trabajo. Evaluación en una empresa biotecnológica,"A Medina, A Valdés,A Avila- 2017 - … ,Universidad de La Habana, Cuba",2017,#,Universidad de La Habana
[CITAS][C]Televisión y desarrollo: articulaciones desde lo local. Propuesta de modelo de televisión local para el desarrollo de los municipios cubanos,"D Herrera- 2015 - … ,Universidad de La Habana",2015,#,Universidad de La Habana
[CITAS][C]La Auditoría del Conocimiento y su relación con la Gestión del Conocimiento,"M García Parrondo - … de la Información),Universidad de La Habana, La …, 2015",2015,#,Universidad de La Habana
[CITAS][C]Diseño de un portal corporativo para la gestión del conocimiento en la cadena del ron granel Havana Club,"M Alba, KC Herrera - … . Facultad de Economía.Universidad de La Habana, 2013",2013,#,Universidad de La Habana
[CITAS][C]Propuesta de modelo de gestión del conocimiento para entornos virtuales de aprendizaje y su aplicación en el área de la salud,IR Alfonso- 2015 - … .Universidad de La Habana,2015,#,Universidad de La Habana
[CITAS][C]Hasta entonces juventud,"D Valido - … muestra de jóvenes de laUniversidad de La Habana, 2012",2012,#,Universidad de La Habana
[CITAS][C]Configuración de políticas locales de equidad en la actualización del Modelo Económico y Social Cubano de Desarrollo Socialista,"G Fundora - 2018 - … ,Universidad de La Habana, Cuba",2018,#,Universidad de La Habana
[CITAS][C]Copi@ y comp@ rte una vez a la semana. Acercamiento a los principales rasgos que caracterizan el consumo audiovisual informal del «paquete semanal» …,"IM Echemendía - … Facultad de Comunicación.Universidad de La Habana, 2015",2015,#,Universidad de La Habana
[CITAS][C]La acreditación de maestrías y la calidad del posgrado,"EM Suros, CE Lezcano - … Superior. La Habana:Universidad de La Habana, 2016",2016,#,Universidad de La Habana
[CITAS][C]Estigmas de complicidad. Estructuración institucional de la Formación Universitaria de Postgrado en el Campo Académico y Profesional de la Comunicación …,D Olivera- 2010 - … .Universidad de La Habana,2010,#,Universidad de La Habana
[CITAS][C]Intelligentsia. Acerca de la construcción de la realidad en blogs gestionados por intelectuales cubanos residentes en la Isla,R Domínguez Rojas - 2012 - … Habana:Universidad de La Habana…,2012,#,Universidad de La Habana
[CITAS][C]Orientación educativa y profesional,"L Domínguez García… - …Universidad de La Habana, 2014",2014,#,Universidad de La Habana
[CITAS][C]La sostenibilidad del desarrollo territorial,"J Mateo - … Publicaciones Académicas,Universidad de La Habana, 2015",2015,#,Universidad de La Habana
[CITAS][C]Un estudio sociodemográfico del acceso a la educación superior en Cuba,"N Avila Vargas - … de amplio acceso, CEDEM,Universidad de La Habana, 2013",2013,#,Universidad de La Habana
[CITAS][C]Metodología para la Evaluación del Desempeño basado en Competencias Laborales en la Empresa Laboratorio Farmacéutico Líquidos Orales “Medilip”,R Viera Valdés - 2016 - … .Universidad de La Habana,2016,#,Universidad de La Habana
"[CITAS][C]Uso de tabletas digitales en la enseñanza primaria, en el estado de Guayaquil","C Ortega - 2014 - … ,Universidad de La Habana",2014,#,Universidad de La Habana
[CITAS][C]¿ Gobierno y Administración municipal en Cuba,"L Pérez Hernández- … , pág. 168). La Habana:Universidad de La Habana, 2011",2011,#,Universidad de La Habana
[CITAS][C]Características sociodemográficas de los jóvenes que ingresaron a la Educación Superior en los cursos 2003-2009,"N Ávila - … Demográficos de laUniversidad de La Habana, 2019 - 29",2019,#,Universidad de La Habana
[CITAS][C]Aplicación de la bioseguridad en un proceso de integración de sistemas de gestión,"B Agüero López - 2010 - … Biología,Universidad de La Habana",2010,#,Universidad de La Habana
"[CITAS][C]De puertos, capitanes y marineros. Representaciones del encargo social de la prensa en Cuba en directivos de medios","E Sosin - … de Comunicación de laUniversidad de La Habana, 2012",2012,#,Universidad de La Habana
[CITAS][C]Cultura y cultura popular,"L Pérez Gallardo - … saber cultural. La Habana:Universidad de La Habana, 2011",2011,#,Universidad de La Habana
[CITAS][C]Prensa y Demografía: Bajo la lupa de los Estudios Métricos. Análisis del comportamiento de la producción periodística sobre dinámica demográfica en …,AK Pedroso - 2020 - … (FCOM).Universidad de La Habana,2020,#,Universidad de La Habana
[CITAS][C]Los resultados financieros como predictor de la calidad directiva,"Y Díaz - … de Técnicas de Dirección.Universidad de La Habana, 2018",2018,#,Universidad de La Habana
[CITAS][C]Las mediaciones en el proceso de producción informativa de la emisora Radio Rebelde. Análisis de caso: Noticiero Nacional de Radio y Haciendo Radio,"SI Albelo - … de Comunicación de laUniversidad de La Habana, 2013",2013,#,Universidad de La Habana
[CITAS][C]El Proyecto de Constitución para la Isla de Cuba de Joaquín Infante. Aproximaciones histórico-jurídicas a propósito de su bicentenario,A Matilla Correa- 2012 - … de laUniversidad de La Habana…,2012,#,Universidad de La Habana
[CITAS][C]Humus de lombriz Eusenia foetida para cultivar dos microalgas marinas como alimento de larvas de camarón,M Guerra - 2011 - … .Universidad de La Habana. Cuba,2011,#,Universidad de La Habana
[CITAS][C]Caracterización del proceso de inclusión-exclusión educativa en grupos escolares de enseñanza media y media superior,"P Batista - 2018 - … ,Universidad de La Habana, Cuba",2018,#,Universidad de La Habana
[CITAS][C]El Modelo de Gestión de la Innovación del Ministerio de la Agricultura,"S García- 2012 - … , Cuba]:Universidad de La Habana…",2012,#,Universidad de La Habana
[CITAS][C]La comunicación pública de carácter local en las décadas de 1940 y 1950. Cumanayagua como caso de estudio,D Mena Méndez- 2014 - … de laUniversidad de La Habana,2014,#,Universidad de La Habana
[CITAS][C]Propuesta de Evaluación del Desempeño por Competencias del Especialista Superior en Gestión de los Recursos Humanos en el Ministerio de Trabajo y …,A Puente Aspillada - 2015 - … .Universidad de La Habana,2015,#,Universidad de La Habana
[CITAS][C]Caracterización del proceso de elección profesional de los estudiantes de 12 grado de 15 IPU de La Habana,"L Bueno - … de Psicología de laUniversidad de La Habana, 2014",2014,#,Universidad de La Habana
[CITAS][C]Las ontologías como herramienta en la gestión del conocimiento,"Z Ramírez - … Ciencia de la Información.Universidad de La Habana, 2011",2011,#,Universidad de La Habana
"[CITAS][C]Caracterización de las comunidades de macrofitobentos en el sureste de la Ensenada de la Siguanea, Isla de la Juventud, Cuba","YG Suárez - … , Facultad de Biología,Universidad de La Habana…, 2011",2011,#,Universidad de La Habana
[CITAS][C]Planeación de Estrategias de Comunicación para organizaciones,"R Portal, M Recio, Y Toirac - … de Comunicación de laUniversidad de La Habana, 2014",2014,#,Universidad de La Habana
[CITAS][C]La Patria entre la Cruz y la Espada. Eticidad en el periodismo y el ensayo independentistas de Félix Varela. Entrevista a Eusebio Leal Spengler,EA Barreto Ramírez- 2014 - … de laUniversidad de La Habana. La …,2014,#,Universidad de La Habana
[CITAS][C]El Proyecto de Constitución para la isla de Cuba de Joaquín Infante,"A Matilla Correa - … , Facultad de Derecho de laUniversidad de La Habana…, 2012",2012,#,Universidad de La Habana
[CITAS][C]China como mercado turístico para el grupo empresarial Gaviota,"A Hernández - … , Facultad de Turismo,Universidad de La Habana, 2014",2014,#,Universidad de La Habana
[CITAS][C]Mujer y cooperativa urbana en Cuba desde la economía feminista,"M Febles Domínguez - … de Ciencias Sociales,Universidad de La Habana…, 2019",2019,#,Universidad de La Habana
[CITAS][C]Algunos equívocos sobre el valor político de la fraternidad para las mujeres,"MJ Bertomeu - … académico del siglo XX,Universidad de La Habana…, 2010",2010,#,Universidad de La Habana
[CITAS][C]Evaluación del nivel de satisfacción de los clientes que visitan el Club Temático Jazz Café,"M Niebla - … . Facultad de Turismo.Universidad de La Habana…, 2016",2016,#,Universidad de La Habana
[PDF][PDF]Espermatófitos de Cuba Inventario preliminar,"W Greuter,R Rankin- … Nacional,Universidad de La Habana…, 2016 - researchgate.net",2016,https://www.researchgate.net/profile/Werner-Greuter/publication/304246183_Espermatofitos_de_Cuba_inventario_preliminar_Parte_II_Inventario_The_Spermatophyta_of_Cuba_a_preliminary_checklist_Part_II_Checklist/links/576c23eb08aef0e50da8c2da/Espermatofitos-de-Cuba-inventario-preliminar-Parte-II-Inventario-The-Spermatophyta-of-Cuba-a-preliminary-checklist-Part-II-Checklist.pdf,Universidad de La Habana
"[CITAS][C]Molecular epidemiology of dengue viruses in Cuba, 2009-2014","G Díaz - Havana:University of Havana, 2014",2014,#,Universidad de La Habana
[CITAS][C]Multicriteria Neutrosophic Method for Evaluating the Competencies of Mayoral Candidates in the Execution of Government Plans,"J Pérez -University of Havana, Cuba, 2020",2020,#,Universidad de La Habana
